Name,Category,Address,Phone,Rating,Facilities,Parking,Images,Mon_Start,Mon_End,Tue_Start,Tue_End,Wed_Start,Wed_End,Thu_Start,Thu_End,Fri_Start,Fri_End,Sat_Start,Sat_End,Sun_Start,Sun_End,Instagram,Blog
홍열이네 인제점,불닭,제주 제주시 고마로17길 6 백암빌딩,064-722-8295,4.6,포장 단체 이용 가능 배달 예약 남/녀 화장실 구분 무선 인터넷 출입구 휠체어 이용가능 좌석 휠체어 이용가능,주차 불가,"https://ldb-phinf.pstatic.net/20251017_81/17606862449722nj04_GIF/%C8%AB%BF%AD%C0%CC%B3%D7_%BF%F2%C2%A92.gif, https://ldb-phinf.pstatic.net/20250930_49/1759198922548FJnm1_GIF/%C8%AB%BF%AD%C0%CC%B3%D7_%BF%F2%C2%A9.gif",휴무,휴무,17:00,다음 날 01:00,17:00,다음 날 01:00,17:00,다음 날 01:00,17:00,다음 날 01:00,17:00,다음 날 01:00,17:00,다음 날 01:00,,
부산돼지국밥,국밥,제주 제주시 신산로 29-1,0507-1494-0985,평점 없음,포장,,https://ldb-phinf.pstatic.net/20200316_188/1584325048048sPh7Q_JPEG/bRLAQ0VFSit-nLqyS7t-43BA.jpg,09:00,21:00,09:00,21:00,09:00,21:00,09:00,21:00,09:00,21:00,09:00,21:00,휴무,휴무,,
공차 제주일도점,차,제주 제주시 고마로 101,064-702-3156,평점 없음,,,https://ldb-phinf.pstatic.net/20200325_70/1585064767079xHTxk_JPEG/fEfXYFvbyAhGWpuyggdcCsFU.jpeg.jpg,10:00,24:00,10:00,24:00,10:00,24:00,10:00,24:00,10:00,24:00,10:00,24:00,10:00,24:00,,
꽃가마,한식,제주 제주시 신산로 97,064-755-6455,평점 없음,,,"https://ldb-phinf.pstatic.net/20150831_288/1440994449823mFb7k_JPEG/11885081_0.jpg, https://ldb-phinf.pstatic.net/20150831_120/1440994449997F6EN8_JPEG/11885081_1.jpg",07:00,21:00,07:00,21:00,07:00,21:00,07:00,21:00,07:00,21:00,07:00,21:00,07:00,21:00,,
해피파이어스,샌드위치,제주 제주시 신산로15길 47,064-758-5992,평점 없음,포장 무선 인터넷 예약 배달,,"https://ldb-phinf.pstatic.net/20250828_98/1756347472059OoKUW_JPEG/IMG_6212.jpeg, https://ldb-phinf.pstatic.net/20250828_143/1756347472176zvWHu_JPEG/IMG_6213.jpeg",10:00,19:00,10:00,19:00,10:00,19:00,10:00,19:00,10:00,19:00,10:00,19:00,휴무,휴무,https://www.instagram.com/happypieus_,
창영왕족발,"족발,보쌈",제주 제주시 태성로3길 12 1층,0507-1494-7023,평점 없음,예약 단체 이용 가능 배달 포장,,"https://ldb-phinf.pstatic.net/20170817_33/1502960545105Iudvl_JPEG/NI2x1RGJdlRktpVwV8u7wOCJ.JPG.jpg, https://ldb-phinf.pstatic.net/20230914_26/1694678855292JnVcw_JPEG/KakaoTalk_Photo_2023-09-14-14-48-57_25_.jpg",휴무,휴무,11:00,23:30,11:00,23:30,11:00,23:30,11:00,23:30,11:00,23:30,11:00,23:30,,
제주태원갈비,"육류,고기요리",제주 제주시 고마로10길 6 태원갈비,064-757-7354,4.18,,,"https://pup-review-phinf.pstatic.net/MjAyMzEyMTFfMzUg/MDAxNzAyMjkyOTUzMTQ1.76fMQmmtsFh60np7qMnJ3ALeabcQUae0GUDu5ZsTXQMg.wAb38-UFwBTL3loQywkUzHUdfSUdykf6vO0TrigS0ygg.JPEG/20231211_192224.jpg.jpg?type=w1500_60_sharpen, http://blogfiles.naver.net/MjAyNTEyMTlfMTgx/MDAxNzY2MTE5NTU1MTI3.qUdd_ZKzphVkj7Hy0bC5bpeAPq2nGSQr_CtRWPBmLRYg.BanJK2pFue9gpa_AtUbNMcMAwNaacXCE0jB2tKlOUggg.JPEG/IMG%A3%DF8628.JPG",15:00,23:00,15:00,23:00,휴무,휴무,15:00,23:00,15:00,23:00,15:00,23:00,15:00,23:00,,https://blog.naver.com/to_ringo/221773725099
묵털리대구막창,"곱창,막창,양",제주 제주시 천수로 83,0507-1325-1607,평점 없음,,,"https://ldb-phinf.pstatic.net/20161116_137/14792824524798FBt3_JPEG/177064553462371_0.jpeg, https://ldb-phinf.pstatic.net/20200331_179/1585650476174T10qF_JPEG/8qY0Az_776mLwrsMRgYG0Y9q.jpg",16:30,24:00,16:30,24:00,16:30,24:00,16:30,24:00,16:30,24:00,16:30,24:00,휴무,휴무,,
고가촌,한식,제주 제주시 가령골길 24,064-723-6822,4.06,,,"https://video-phinf.pstatic.net/20250806_233/1754458895605ppttU_JPEG/FR5tJuUi5E_03.jpg, http://blogfiles.naver.net/MjAyNjAzMThfNTYg/MDAxNzczODE3MDMxODMz.-cFwFt-irKh-0NGdzyjLRGc1VrtAyyKanbW9HrwTI_4g.IVsLidYTlOL25L0UUyR2F3EsE64S_cndTOfME8qq0D8g.JPEG/output%A3%DF1392605462.jpg",10:00,22:00,휴무,휴무,10:00,22:00,10:00,22:00,10:00,22:00,10:00,22:00,10:00,22:00,,
수창닭갈비,닭갈비,제주 제주시 천수동로 19,064-713-6692,평점 없음,,,"https://pup-review-phinf.pstatic.net/MjAyNjAzMDJfMTk3/MDAxNzcyNDYxMTI2MDQy.vYc_gnY4F6t3zAI5e9H0Kv2-q1a_nlZrwqLvDi5v1KIg.iSb6xoIjfaH0LqTFaL-HVIfU2t0mD7LmbmqOvOwj7qwg.JPEG/E7212021-5CCC-444B-898D-B8905818FFB7.jpeg?type=w1500_60_sharpen, http://blogfiles.naver.net/MjAyNTAzMDlfODcg/MDAxNzQxNDg0NDgzMDAz.bb4qYMATaqHkYmPpsZWNCvjdzUA8J5hDl9OTCg3XaXcg.RgoBgA1P6z00EZdX0KMPW26FbTJzcDuukyGzvMnmNmog.JPEG/20250308%A3%DF183318.jpg",17:00,23:00,17:00,23:00,17:00,23:00,17:00,23:00,17:00,23:00,17:00,23:00,17:00,23:00,,https://blog.naver.com/den8861/70179888758
막창먹는놈 놈놈놈막창 일도점,"곱창,막창,양",제주 제주시 고마로 151 고마로 151,064-723-8892,평점 없음,예약 포장,,"https://ldb-phinf.pstatic.net/20220914_269/1663129273574Ppr9u_JPEG/0522B50D-4F1E-4E74-9B57-697571FBFAB8.jpeg, https://ldb-phinf.pstatic.net/20220914_123/1663129285155q0Hd0_JPEG/1EDEB7ED-86D9-4A29-8D89-73696CA49087.jpeg",17:00,다음 날 00:30,17:00,다음 날 00:30,17:00,다음 날 00:30,17:00,다음 날 00:30,17:00,다음 날 00:30,17:00,다음 날 00:30,17:00,24:00,,
참치정육점제주지사,생선회,제주 제주시 연삼로 517,064-726-3700,평점 없음,포장 배달 예약 단체 이용 가능 남/녀 화장실 구분,주차가능,https://ldb-phinf.pstatic.net/20220122_147/1642846103401Pr06i_PNG/c318fffcf886c.png,휴무,휴무,10:00,22:30,10:00,22:30,10:00,22:30,10:00,22:30,10:00,22:30,10:00,22:30,,
옛날통닭 여상점,"치킨,닭강정",제주 제주시 동문로 96 여상점,0507-1443-0748,평점 없음,배달 포장,주차 불가,"https://ldb-phinf.pstatic.net/20240730_179/1722331689726sqmeA_JPEG/IMG_6332.jpeg, https://ldb-phinf.pstatic.net/20240730_70/17223316899974QjcR_JPEG/IMG_6334.jpeg",16:00,22:00,16:00,22:00,16:00,22:00,16:00,22:00,16:00,22:00,16:00,22:00,16:00,22:00,,
뮤직박스노래타운앤드가요리믹스,단란주점,제주 제주시 천수로8길 5,064-723-7897,평점 없음,,,https://ldb-phinf.pstatic.net/20200331_151/1585585854572Q7N1b_JPEG/NOh2dkP2q30phKFVAHPOmr_p.jpg,정보 없음,정보 없음,정보 없음,정보 없음,정보 없음,정보 없음,정보 없음,정보 없음,정보 없음,정보 없음,정보 없음,정보 없음,정보 없음,정보 없음,,
카페512,"카페,디저트",제주 제주시 연삼로 512,전화번호 없음,평점 없음,,,https://ldb-phinf.pstatic.net/20190402_93/1554177494482cAKU5_JPEG/zcrb4FjcRlhMM6eYqiu92dGL.jpg,09:00,22:00,09:00,22:00,09:00,22:00,09:00,22:00,11:00,22:00,11:00,22:00,휴무,휴무,http://instagram.com/jeju%20_cafe512,
남가네만복해장국,해장국,제주 제주시 고마로 32,064-723-2211,평점 없음,,,https://ldb-phinf.pstatic.net/20220609_44/1654770691300dAA5F_JPEG/20220609_083919.jpg,휴무,휴무,07:00,15:00,07:00,15:00,07:00,15:00,07:00,15:00,07:00,15:00,07:00,15:00,,
열려라참깨,"맥주,호프",제주 제주시 연수로1길 3,064-722-6461,평점 없음,,,https://ldb-phinf.pstatic.net/20200331_169/1585584243388hfjm5_JPEG/_rxK_A5Xc__6zQzJMUl00E52.jpg,정보 없음,정보 없음,정보 없음,정보 없음,정보 없음,정보 없음,정보 없음,정보 없음,정보 없음,정보 없음,정보 없음,정보 없음,정보 없음,정보 없음,,https://blog.naver.com/hpssng/224233137017
공일오비,요리주점,제주 제주시 고마로 103,064-755-7958,평점 없음,,,https://pup-review-phinf.pstatic.net/MjAyNTEwMDlfMjk3/MDAxNzYwMDAxOTI1MTgz.faIgYaMAI9VkOw9HgD3H5N7SBxBF0LzYibrkPqOIen4g.WTnsVdstbBeFzUk0piGfrjYwEqPYspRYp02XTheb9c4g.JPEG/8FF4C9B1-05DC-4D29-88CC-0A3BDAB6DF4A.jpeg,정보 없음,정보 없음,정보 없음,정보 없음,정보 없음,정보 없음,정보 없음,정보 없음,정보 없음,정보 없음,정보 없음,정보 없음,정보 없음,정보 없음,,
오젠,이자카야,제주 제주시 고마로 123,064-900-4667,평점 없음,,,https://ldb-phinf.pstatic.net/20231224_86/1703376062536ptTWr_JPEG/scaled_IMG_20231224_030156_540.jpg,18:30,다음 날 01:00,18:30,다음 날 01:00,18:30,다음 날 01:00,18:30,다음 날 01:00,18:30,다음 날 01:00,18:30,다음 날 01:00,휴무,휴무,,https://blog.naver.com/minibloglife/222950636831
나뭇잎사이로,"맥주,호프",제주 제주시 신산로 39,064-727-0999,평점 없음,,,"https://pup-review-phinf.pstatic.net/MjAyNTAyMThfNDYg/MDAxNzM5ODY2NTExMzQ3.nWMI-SHfICf5aa18EsM2b7pxB7kVjbY1LiCjkO_wnewg.FEHW_BDAtqP7NbNOCSaQGDrflpUD3cnZOXcqEdOMsOAg.JPEG/960E2691-C935-4797-95CA-41E3E23F7586.jpeg?type=w1500_60_sharpen, http://blogfiles.naver.net/MjAyNDExMjdfMjAw/MDAxNzMyNjY0NDU3Nzkw.trdIv9WAfU-htdwbbkZuTAafHz9LDlNPsCE5MY06CSMg.VpmiEeMQqPCHXK6POJUaLZ_Pre_cVF_XykUX1PKxjugg.JPEG/900%A3%DF1732664446770.jpg",정보 없음,정보 없음,정보 없음,정보 없음,정보 없음,정보 없음,정보 없음,정보 없음,정보 없음,정보 없음,정보 없음,정보 없음,정보 없음,정보 없음,,https://blog.naver.com/idh0227/223380340688
일도포차,"맥주,호프",제주 제주시 연수로1길 2,064-752-6742,평점 없음,,,https://ldb-phinf.pstatic.net/20200330_32/1585578461562yPl9L_JPEG/fvBFgjXRD3b0ozgnbqEzwlze.jpg,정보 없음,정보 없음,정보 없음,정보 없음,정보 없음,정보 없음,정보 없음,정보 없음,정보 없음,정보 없음,정보 없음,정보 없음,정보 없음,정보 없음,,
태백아놀자,한식,제주 제주시 연수로4길 1,064-702-0490,평점 없음,,,https://ldb-phinf.pstatic.net/20200331_163/15855857592370OtW8_JPEG/BmtfXTRXg8Wqd4gJ_YhLF5lc.jpg,정보 없음,정보 없음,정보 없음,정보 없음,정보 없음,정보 없음,정보 없음,정보 없음,정보 없음,정보 없음,정보 없음,정보 없음,정보 없음,정보 없음,,https://blog.naver.com/spider69w/222903821651
생생반점,중식당,제주 제주시 신산로9길 51,064-755-2333,평점 없음,,,"https://pup-review-phinf.pstatic.net/MjAyNjAzMTBfMjcg/MDAxNzczMTMxNzQxNDUx.5aSR51sr7dVVPqzpGMqozR6bMcfinFiW2eEKVOkq5jEg.sYYTFhEvVgS74P1cwfzJYIKeoX_XfiywzsdwwSKyOBsg.JPEG/1000044005.jpg.jpg?type=w1500_60_sharpen, http://blogfiles.naver.net/MjAyNjAyMTVfMjY4/MDAxNzcxMTYwMzU5ODUz.k5mZ-8DwaTOnbJRSJVQmEFNjSdFZZSMR3dvd0NqgRS0g.nUB6P-EYj47iPvcvEPHlrEyOMKsHejv1505SS75AMngg.JPEG/900%A3%DF20260214%A3%DF120703.jpg",10:30,20:00,10:30,20:00,10:30,20:00,10:30,20:00,10:30,20:00,10:30,20:00,10:30,20:00,,https://blog.naver.com/ckdgmlxod/224184933270
돼지해장국,한식,제주 제주시 고마로11길 4,064-721-7134,평점 없음,,,http://image.nmv.naver.net/blog_2020_02_04_70/69e5cd19-46a4-11ea-a7ce-505dac8c3639_01.jpg,정보 없음,정보 없음,정보 없음,정보 없음,정보 없음,정보 없음,정보 없음,정보 없음,정보 없음,정보 없음,정보 없음,정보 없음,정보 없음,정보 없음,,https://blog.naver.com/jejupay/221193176348
스타박스노래주점일도점,요리주점,제주 제주시 고마로 95,064-758-3050,평점 없음,,,https://ldb-phinf.pstatic.net/20200325_51/1585063576974WP6dU_JPEG/A8znJzEkDuk6g4MvYRAwPrAU.jpeg.jpg,정보 없음,정보 없음,정보 없음,정보 없음,정보 없음,정보 없음,정보 없음,정보 없음,정보 없음,정보 없음,정보 없음,정보 없음,정보 없음,정보 없음,,
인화닭집,"치킨,닭강정",제주 제주시 고마로9길 14,064-757-8883,평점 없음,,,https://ldb-phinf.pstatic.net/20200315_237/1584203124553saRnr_JPEG/vUt75ipLw2Ja85am78bKL6p8.jpeg.jpg,정보 없음,정보 없음,정보 없음,정보 없음,정보 없음,정보 없음,정보 없음,정보 없음,정보 없음,정보 없음,정보 없음,정보 없음,정보 없음,정보 없음,,https://blog.naver.com/ssogood12/222945056676
칠칠팜,"일식튀김,꼬치",제주 제주시 신산로 61,전화번호 없음,평점 없음,,,"https://pup-review-phinf.pstatic.net/MjAyNDA1MjJfMjg0/MDAxNzE2Mzc4MzQ5MDQ4.AYSL9lghSU0PwC1745GbAOCofTK1ddtrIjy5pO2qsIEg.iQ862SoL9zoSfRQ2gr0sucOY9-T3ZMxg6LL4sy8i5e4g.JPEG/C791EB3B-385B-4EDD-B5C1-60454C8CCFF1.jpeg?type=w1500_60_sharpen, http://blogfiles.naver.net/MjAyMzA1MjdfNjIg/MDAxNjg1MTk2MTMzNTM2.sqrAsnyMR1N1yBtwxJ2u-xa6lzKHHd0i19HrgEyJB5sg.jN59_1ZylEDsCQ-owOxc-PIM3qsli94GADIO1F8VoiIg.JPEG.dnjsdl35/1685195833458.jpg",정보 없음,정보 없음,정보 없음,정보 없음,정보 없음,정보 없음,정보 없음,정보 없음,정보 없음,정보 없음,정보 없음,정보 없음,정보 없음,정보 없음,,
짝,단란주점,제주 제주시 동광로 139,064-722-0906,평점 없음,,,http://blogfiles.naver.net/20151118_266/triphoney_1447833068232nf7o0_JPEG/%B5%B5%B6%F3%C1%F6DSC01764.JPG,정보 없음,정보 없음,정보 없음,정보 없음,정보 없음,정보 없음,정보 없음,정보 없음,정보 없음,정보 없음,정보 없음,정보 없음,정보 없음,정보 없음,,https://blog.naver.com/triphoney/220543040884
대벌단란주점,단란주점,제주 제주시 천수로8길 3,064-702-2242,평점 없음,,,https://ldb-phinf.pstatic.net/20200331_42/1585585330279uV2F6_JPEG/NsTnFSTtkl2h-YK9ofI_d3Lx.jpg,정보 없음,정보 없음,정보 없음,정보 없음,정보 없음,정보 없음,정보 없음,정보 없음,정보 없음,정보 없음,정보 없음,정보 없음,정보 없음,정보 없음,,
올라이트,단란주점,제주 제주시 고마로 9,064-722-1813,평점 없음,,,https://ldb-phinf.pstatic.net/20200310_243/1583799003292cT2Pj_JPEG/7KbOBqy5p59T4NFqLRiYC7_L.jpeg.jpg,정보 없음,정보 없음,정보 없음,정보 없음,정보 없음,정보 없음,정보 없음,정보 없음,정보 없음,정보 없음,정보 없음,정보 없음,정보 없음,정보 없음,,
엔젤김밥대유대림점,종합분식,제주 제주시 남광로 181,064-724-1440,평점 없음,,,https://ldb-phinf.pstatic.net/20200807_23/1596796658819obrSR_JPEG/5pfTbkYjs2PIqaD0Ct5B_okO.jpeg.jpg,정보 없음,정보 없음,정보 없음,정보 없음,정보 없음,정보 없음,정보 없음,정보 없음,정보 없음,정보 없음,정보 없음,정보 없음,정보 없음,정보 없음,,
부경하우스,카페,제주 제주시 신산로 9,전화번호 없음,평점 없음,,,이미지 없음,정보 없음,정보 없음,정보 없음,정보 없음,정보 없음,정보 없음,정보 없음,정보 없음,정보 없음,정보 없음,정보 없음,정보 없음,정보 없음,정보 없음,,
해수식당,한식,제주 제주시 고마로11길 40-1,064-755-8852,평점 없음,,,"https://clip-service-phinf.pstatic.net/MjAyNjAzMjNfMjUw/MDAxNzc0MjQxMDUzODk5.A0yVKbHmhW0oPPaAW7HHxe55Ee35Rm0J0HUkp0u6XfEg.6S_yMZmHBolOl6JPVZp-Ps1tSh63I46n7ijTKi9wNN4g.JPEG/thumbnail-50B89D75-3021-47B6-BCDA-A1FBB74AEA4C.jpg, https://pup-review-phinf.pstatic.net/MjAyNjAxMDhfMjIg/MDAxNzY3ODgyNDY4NTYw.G-JpSCgOWWJmbaKjZg7SbUG5HU4Ic3Z8VinG7lq-n_Mg.-IEvwxxFvt_vj44SOpC4o6R92VbOjb2mXI7JZ3CwPGUg.JPEG/D1AF1204-0E84-4D65-A75A-C00ED9624B95.jpeg",정보 없음,정보 없음,정보 없음,정보 없음,정보 없음,정보 없음,정보 없음,정보 없음,정보 없음,정보 없음,정보 없음,정보 없음,정보 없음,정보 없음,,
다려도이야기,국수,제주 제주시 삼성로 57 1층,064-723-5950,평점 없음,예약 단체 이용 가능 포장 남/녀 화장실 구분,주차가능,https://ldb-phinf.pstatic.net/20200625_55/1593064917818LWk0j_JPEG/Hes0YvC-diy5DoK3KzWha4OK.jpeg.jpg,08:30,21:00,08:30,21:00,08:30,21:00,08:30,21:00,08:30,21:00,08:30,21:00,08:30,21:00,,
빨간꼭지단란주점,단란주점,제주 제주시 고마로 14,064-702-4040,평점 없음,,,https://ldb-phinf.pstatic.net/20200315_195/1584248762496EwiAD_JPEG/_V8qmQv6lUoFbMw5aZMtdgmK.jpeg.jpg,정보 없음,정보 없음,정보 없음,정보 없음,정보 없음,정보 없음,정보 없음,정보 없음,정보 없음,정보 없음,정보 없음,정보 없음,정보 없음,정보 없음,,
정이든,"맥주,호프",제주 제주시 동문로 108,064-723-1600,평점 없음,,,https://ldb-phinf.pstatic.net/20200626_229/1593138112120hKzuH_JPEG/obaBMVPO-Q_cBNnav0wWW7wv.jpeg.jpg,정보 없음,정보 없음,정보 없음,정보 없음,정보 없음,정보 없음,정보 없음,정보 없음,정보 없음,정보 없음,정보 없음,정보 없음,정보 없음,정보 없음,,
김밥팩토리,김밥,제주 제주시 신산로 53,064-757-5453,평점 없음,예약 포장,,https://ldb-phinf.pstatic.net/20170103_294/1483416846971DpXjj_PNG/186052548331021_0.png,09:00,다음 날 04:00,09:00,다음 날 04:00,09:00,다음 날 04:00,09:00,다음 날 04:00,09:00,다음 날 04:00,09:00,다음 날 04:00,휴무,휴무,http://instagram.com/gimbapfactory,
커피예가,"카페,디저트",제주 제주시 태성로2길 27,064-752-8342,평점 없음,,,http://blogfiles.naver.net/MjAyMzA2MjVfNTUg/MDAxNjg3Njk2ODI3OTQw.e-UcJM18hlnmtSMdiW98CE5aijFfjizvJxJkzWPSowcg.FGRZE9R7L8nZDwWuzfgLB-8AWW9424WSVkZk5_-XSP8g.JPEG.ruby5789/KakaoTalk_20230624_231636871_06.jpg,정보 없음,정보 없음,정보 없음,정보 없음,정보 없음,정보 없음,정보 없음,정보 없음,정보 없음,정보 없음,정보 없음,정보 없음,정보 없음,정보 없음,,https://blog.naver.com/camellia_heal/223138460598
발렌타인,단란주점,제주 제주시 고마로10길 6,064-753-1334,평점 없음,,,이미지 없음,정보 없음,정보 없음,정보 없음,정보 없음,정보 없음,정보 없음,정보 없음,정보 없음,정보 없음,정보 없음,정보 없음,정보 없음,정보 없음,정보 없음,,
현,단란주점,제주 제주시 동광로 136,064-723-5115,평점 없음,,,https://pup-review-phinf.pstatic.net/MjAyNDA1MTJfMjkx/MDAxNzE1NDYwOTA0OTY2.s4gTOq70UaihJzPawWe1iQT3-JLq4nDIOmJlyCxq0b0g.x79LXVCm5VVYnU1t_EIbVHutT_wg9-HrMDg2CEBSLOAg.JPEG/20230805_212714.jpg.jpg?type=w1500_60_sharpen,정보 없음,정보 없음,정보 없음,정보 없음,정보 없음,정보 없음,정보 없음,정보 없음,정보 없음,정보 없음,정보 없음,정보 없음,정보 없음,정보 없음,,
신산서해닭집,닭요리,제주 제주시 고마로17길 11,064-758-3797,평점 없음,,,https://pup-review-phinf.pstatic.net/MjAyMzEwMDJfMjIx/MDAxNjk2MjQwMTYwNDAy.FXrdRyOaNOpt6Uit68uP6yPb1BqoxOZg4oVAnSFG4GAg.0jEaY0t0pEolWu_Zs8sfWFTZwBuDAu2cm4whQTg5Q7cg.JPEG/4864CC28-701E-48CA-ABC1-806381A41CF1.jpeg?type=w1500_60_sharpen,08:30,19:30,08:30,19:30,08:30,19:30,08:30,19:30,08:30,19:30,08:30,19:30,08:30,19:30,,
인제포차,포장마차,제주 제주시 고마로17길 3,0507-1405-5625,평점 없음,예약 단체 이용 가능 무선 인터넷,,http://blogfiles.naver.net/MjAxNzAzMDFfODMg/MDAxNDg4MzI5NzIzODM2.qfBlcvu9QF3XBdQxZzAoQ71FBibVHnvZw9rEv-UXt30g.2qroup3sJokHvdSAY1Gy2t3FoY3mXvaEJMANkx0kjNog.JPEG.gyarri/IMG_5305.jpg,18:00,24:00,18:00,24:00,18:00,24:00,18:00,24:00,18:00,24:00,18:00,24:00,18:00,24:00,,
칸노래텔,유흥주점,제주 제주시 고마로 103,064-724-3005,평점 없음,,,https://ldb-phinf.pstatic.net/20200325_270/1585065519513Xvhzz_JPEG/CoSYSnoXMVQ8mus6RW3riQ3Z.jpeg.jpg,정보 없음,정보 없음,정보 없음,정보 없음,정보 없음,정보 없음,정보 없음,정보 없음,정보 없음,정보 없음,정보 없음,정보 없음,정보 없음,정보 없음,,
폴라리스,단란주점,제주 제주시 고마로18길 4,064-757-0890,평점 없음,,,이미지 없음,정보 없음,정보 없음,정보 없음,정보 없음,정보 없음,정보 없음,정보 없음,정보 없음,정보 없음,정보 없음,정보 없음,정보 없음,정보 없음,정보 없음,,
모이자1호점,한식,제주 제주시 고마로15길 2,064-723-3667,평점 없음,,,이미지 없음,정보 없음,정보 없음,정보 없음,정보 없음,정보 없음,정보 없음,정보 없음,정보 없음,정보 없음,정보 없음,정보 없음,정보 없음,정보 없음,정보 없음,,
놀이터,단란주점,제주 제주시 신산로 40,064-702-0323,평점 없음,,,이미지 없음,정보 없음,정보 없음,정보 없음,정보 없음,정보 없음,정보 없음,정보 없음,정보 없음,정보 없음,정보 없음,정보 없음,정보 없음,정보 없음,정보 없음,,
스페샬 천사점,"카페,디저트",제주 제주시 동광로16길 15,064-752-1004,평점 없음,,,https://ldb-phinf.pstatic.net/20180727_183/1532656071140ecmG3_JPEG/4LQxwneJhkIWtvMu6EjATo--.jpg,정보 없음,정보 없음,정보 없음,정보 없음,정보 없음,정보 없음,정보 없음,정보 없음,정보 없음,정보 없음,정보 없음,정보 없음,정보 없음,정보 없음,,
동명다방,다방,제주 제주시 신산로 33-1,064-724-0036,평점 없음,,,이미지 없음,09:00,21:00,09:00,21:00,09:00,21:00,09:00,21:00,09:00,21:00,09:00,21:00,09:00,21:00,,
링스,유흥주점,제주 제주시 고마로 100,064-722-2368,평점 없음,,,이미지 없음,정보 없음,정보 없음,정보 없음,정보 없음,정보 없음,정보 없음,정보 없음,정보 없음,정보 없음,정보 없음,정보 없음,정보 없음,정보 없음,정보 없음,,
일야몽,요리주점,제주 제주시 고마로 39,064-725-5509,평점 없음,,,https://ldb-phinf.pstatic.net/20200309_149/15837586153993lPk1_JPEG/IFvwww2OraY4KjNpHEWOMq-5.jpeg.jpg,정보 없음,정보 없음,정보 없음,정보 없음,정보 없음,정보 없음,정보 없음,정보 없음,정보 없음,정보 없음,정보 없음,정보 없음,정보 없음,정보 없음,,
쥬얼리,단란주점,제주 제주시 신산로 42-1,064-758-6935,평점 없음,,,이미지 없음,정보 없음,정보 없음,정보 없음,정보 없음,정보 없음,정보 없음,정보 없음,정보 없음,정보 없음,정보 없음,정보 없음,정보 없음,정보 없음,정보 없음,,
칠칠판,"육류,고기요리",제주 제주시 신산로 61,전화번호 없음,평점 없음,,,이미지 없음,정보 없음,정보 없음,정보 없음,정보 없음,정보 없음,정보 없음,정보 없음,정보 없음,정보 없음,정보 없음,정보 없음,정보 없음,정보 없음,정보 없음,,
육장갈비일도점,소고기구이,제주 제주시 신산로 79,064-755-0405,평점 없음,,,이미지 없음,정보 없음,정보 없음,정보 없음,정보 없음,정보 없음,정보 없음,정보 없음,정보 없음,정보 없음,정보 없음,정보 없음,정보 없음,정보 없음,정보 없음,,
추억만들기,"맥주,호프",제주 제주시 일도2동 33-2,064-722-0285,평점 없음,,,이미지 없음,정보 없음,정보 없음,정보 없음,정보 없음,정보 없음,정보 없음,정보 없음,정보 없음,정보 없음,정보 없음,정보 없음,정보 없음,정보 없음,정보 없음,,
막곱다,"곱창,막창,양",제주 제주시 고마로 99,064-752-0292,평점 없음,,,이미지 없음,정보 없음,정보 없음,정보 없음,정보 없음,정보 없음,정보 없음,정보 없음,정보 없음,정보 없음,정보 없음,정보 없음,정보 없음,정보 없음,정보 없음,,
인화골,한식,제주 제주시 신산로15길 48,064-722-7429,평점 없음,,,이미지 없음,정보 없음,정보 없음,정보 없음,정보 없음,정보 없음,정보 없음,정보 없음,정보 없음,정보 없음,정보 없음,정보 없음,정보 없음,정보 없음,정보 없음,,
옛고을,"족발,보쌈",제주 제주시 연삼로 539,0504-0544-8321,평점 없음,포장 배달,,http://blogfiles.naver.net/20160930_109/1978pks_14752125344573T8j1_JPEG/KakaoTalk_20160930_120117509.jpg,11:30,23:00,11:30,23:00,11:30,23:00,11:30,23:00,11:30,23:00,11:30,23:00,11:30,23:00,,
또주랑,"맥주,호프",제주 제주시 동광로15길 50,064-722-4289,평점 없음,,,이미지 없음,정보 없음,정보 없음,정보 없음,정보 없음,정보 없음,정보 없음,정보 없음,정보 없음,정보 없음,정보 없음,정보 없음,정보 없음,정보 없음,정보 없음,,
두근두근고깃집,"육류,고기요리",제주 제주시 삼성로11길 3-4,전화번호 없음,평점 없음,,,이미지 없음,정보 없음,정보 없음,정보 없음,정보 없음,정보 없음,정보 없음,정보 없음,정보 없음,정보 없음,정보 없음,정보 없음,정보 없음,정보 없음,정보 없음,,
조례식당,한식,제주 제주시 신산로7길 54,064-757-2724,평점 없음,,,이미지 없음,정보 없음,정보 없음,정보 없음,정보 없음,정보 없음,정보 없음,정보 없음,정보 없음,정보 없음,정보 없음,정보 없음,정보 없음,정보 없음,정보 없음,,
부성단란주점,단란주점,제주 제주시 신산로 101,064-723-0634,평점 없음,,,이미지 없음,정보 없음,정보 없음,정보 없음,정보 없음,정보 없음,정보 없음,정보 없음,정보 없음,정보 없음,정보 없음,정보 없음,정보 없음,정보 없음,정보 없음,,
경성,단란주점,제주 제주시 삼성로 59,064-757-8788,평점 없음,,,이미지 없음,정보 없음,정보 없음,정보 없음,정보 없음,정보 없음,정보 없음,정보 없음,정보 없음,정보 없음,정보 없음,정보 없음,정보 없음,정보 없음,정보 없음,,https://blog.naver.com/biz_ktm114/223822016644
여우야단란주점,단란주점,제주 제주시 고마로 105,064-723-0030,평점 없음,,,https://ldb-phinf.pstatic.net/20200325_131/1585065985457A0f85_JPEG/r7AjoyDOhHqcA_HfT1ukqw4N.jpeg.jpg,정보 없음,정보 없음,정보 없음,정보 없음,정보 없음,정보 없음,정보 없음,정보 없음,정보 없음,정보 없음,정보 없음,정보 없음,정보 없음,정보 없음,,
에버,요리주점,제주 제주시 고마로13길 2,064-722-2006,평점 없음,,,이미지 없음,정보 없음,정보 없음,정보 없음,정보 없음,정보 없음,정보 없음,정보 없음,정보 없음,정보 없음,정보 없음,정보 없음,정보 없음,정보 없음,정보 없음,,
엔젤,바(BAR),제주 제주시 고마로 100,전화번호 없음,평점 없음,,,"https://ldb-phinf.pstatic.net/20230718_78/168965009079900qtj_JPEG/1689650061494.jpg, https://ldb-phinf.pstatic.net/20230718_68/16896500910230tXOU_JPEG/1689650061435.jpg",정보 없음,정보 없음,정보 없음,정보 없음,정보 없음,정보 없음,정보 없음,정보 없음,정보 없음,정보 없음,정보 없음,정보 없음,정보 없음,정보 없음,,
베니스,단란주점,제주 제주시 신산로15길 53,064-721-7721,평점 없음,,,이미지 없음,정보 없음,정보 없음,정보 없음,정보 없음,정보 없음,정보 없음,정보 없음,정보 없음,정보 없음,정보 없음,정보 없음,정보 없음,정보 없음,정보 없음,,
차와술,카페,제주 제주시 신산로 39-2,064-702-7037,평점 없음,,,이미지 없음,12:00,21:00,12:00,21:00,12:00,21:00,12:00,21:00,12:00,21:00,12:00,21:00,12:00,21:00,,https://blog.naver.com/biz_ktm114/224043241701
최고,단란주점,제주 제주시 신산로 21,064-757-8218,평점 없음,,,http://blogfiles.naver.net/MjAyNjAyMjJfMjUx/MDAxNzcxNzM4MzY3NzYx.LBovHmr9c0QpxqCk6WTDrZr-gfoiR51JThs2eZHgLWwg.Wqdu2ZNe8XQOyXzC5Q3TO5_XD8IhOv09Q2pY-tdTzAYg.JPEG/IMG%A3%DF1677.jpg,정보 없음,정보 없음,정보 없음,정보 없음,정보 없음,정보 없음,정보 없음,정보 없음,정보 없음,정보 없음,정보 없음,정보 없음,정보 없음,정보 없음,,https://blog.naver.com/wjdwldnjs164/224198705296
나무물꼬기,"카페,디저트",제주 제주시 연삼로 522,064-752-1163,평점 없음,예약 단체 이용 가능 포장 무선 인터넷,,http://blogfiles.naver.net/20160309_177/dallgoon_1457523586319k8Hii_PNG/AAAS.png,휴무,휴무,11:00,22:00,11:00,22:00,11:00,22:00,11:00,22:00,11:00,22:00,11:00,22:00,,https://blog.naver.com/jejutreefish
비엔나,단란주점,제주 제주시 신산로 77,064-758-5749,평점 없음,,,"https://pup-review-phinf.pstatic.net/MjAyMzA2MjNfMjg2/MDAxNjg3NTE3ODk2NzI0.VoeYJM_zZ22JEvhglD_zvuHe_TD1U1jQQKtQqJHFrxsg.XIlx5oCIDZQKN3DufikQe1Vl0W3s49yU1nQuKRIp8Bsg.JPEG/20230623_195350.jpg?type=w1500_60_sharpen, http://image.nmv.naver.net/blog_2021_07_09_1410/c6193cae-e09a-11eb-b03d-a0369ff95678_05.jpg",정보 없음,정보 없음,정보 없음,정보 없음,정보 없음,정보 없음,정보 없음,정보 없음,정보 없음,정보 없음,정보 없음,정보 없음,정보 없음,정보 없음,,https://blog.naver.com/odh9316000/222425904056
동아리꼬치구이신산점,"맥주,호프",제주 제주시 신산로 21,064-752-9295,평점 없음,,,http://blogfiles.naver.net/MjAxNzA3MjBfMjgz/MDAxNTAwNTI2OTQwMzMz.e_n-ZzVxEw5OGSyVuq4M3ToCyxDA5tye-IHr3X-goaog.e26B13ngE9S90qEPDbjYjainNp6HRfIOMpnjEDGr2vAg.JPEG.glqgkqehdwl/20170628_212338.jpg,정보 없음,정보 없음,정보 없음,정보 없음,정보 없음,정보 없음,정보 없음,정보 없음,정보 없음,정보 없음,정보 없음,정보 없음,정보 없음,정보 없음,,https://blog.naver.com/glqgkqehdwl/221063740439
로얄양과,베이커리,제주 제주시 신산로15길 36,전화번호 없음,평점 없음,,,http://blogfiles.naver.net/MjAyNDEyMDRfMjI0/MDAxNzMzMjk3NjQ1NTQ1.zrqpSSCY8R9xlAU5BxCcAE45WRZXyj63ofzU9ce3xHwg.iMW0LKh7tgsxY_LVqhwOWjsBqAeOEpHeoqBdZY35slwg.JPEG/IMG_1018.jpg,정보 없음,정보 없음,정보 없음,정보 없음,정보 없음,정보 없음,정보 없음,정보 없음,정보 없음,정보 없음,정보 없음,정보 없음,정보 없음,정보 없음,,https://blog.naver.com/sweetpotato18_/223683902136
동지식당,한식,제주 제주시 태성로1길 32,064-758-3123,평점 없음,,,이미지 없음,정보 없음,정보 없음,정보 없음,정보 없음,정보 없음,정보 없음,정보 없음,정보 없음,정보 없음,정보 없음,정보 없음,정보 없음,정보 없음,정보 없음,,
석화단란주점,단란주점,제주 제주시 동광로20길 29,064-755-9463,평점 없음,,,이미지 없음,정보 없음,정보 없음,정보 없음,정보 없음,정보 없음,정보 없음,정보 없음,정보 없음,정보 없음,정보 없음,정보 없음,정보 없음,정보 없음,정보 없음,,
늘조아쏘맥,요리주점,제주 제주시 연삼로 542,064-758-3800,평점 없음,,,https://ldb-phinf.pstatic.net/20200316_183/1584339232970bbVtV_JPEG/W1TXQqPQbModvnMI7kxsBq3b.jpeg.jpg,정보 없음,정보 없음,정보 없음,정보 없음,정보 없음,정보 없음,정보 없음,정보 없음,정보 없음,정보 없음,정보 없음,정보 없음,정보 없음,정보 없음,,
퍼플키스,요리주점,제주 제주시 고마로 9,064-722-1638,평점 없음,,,https://ldb-phinf.pstatic.net/20200602_90/1591058619945mE8X2_JPEG/17-rLrMYWQE8fENaIbrSN7oh.jpeg.jpg,정보 없음,정보 없음,정보 없음,정보 없음,정보 없음,정보 없음,정보 없음,정보 없음,정보 없음,정보 없음,정보 없음,정보 없음,정보 없음,정보 없음,,https://blog.naver.com/haati_1029/222289221752
젠틀맨,요리주점,제주 제주시 고마로9길 2,064-726-0109,평점 없음,,,이미지 없음,정보 없음,정보 없음,정보 없음,정보 없음,정보 없음,정보 없음,정보 없음,정보 없음,정보 없음,정보 없음,정보 없음,정보 없음,정보 없음,정보 없음,,
사랑마루,한식,제주 제주시 연삼로 541,064-725-4681,평점 없음,,,https://ldb-phinf.pstatic.net/20200322_245/1584878981772BM4rk_JPEG/iQn1d1DW_uknV1TgdQT54hqY.jpeg.jpg,정보 없음,정보 없음,정보 없음,정보 없음,정보 없음,정보 없음,정보 없음,정보 없음,정보 없음,정보 없음,정보 없음,정보 없음,정보 없음,정보 없음,,
신산지향,단란주점,제주 제주시 신산로 93-2,064-752-7850,평점 없음,,,이미지 없음,정보 없음,정보 없음,정보 없음,정보 없음,정보 없음,정보 없음,정보 없음,정보 없음,정보 없음,정보 없음,정보 없음,정보 없음,정보 없음,정보 없음,,
바니걸스,요리주점,제주 제주시 고마로 90,064-759-1315,평점 없음,,,https://ldb-phinf.pstatic.net/20200323_247/1584973843994HNcjh_JPEG/bWBMKBoOHnF1U6PHxvIc86fF.jpeg.jpg,정보 없음,정보 없음,정보 없음,정보 없음,정보 없음,정보 없음,정보 없음,정보 없음,정보 없음,정보 없음,정보 없음,정보 없음,정보 없음,정보 없음,,
한지붕 도시락,"도시락,컵밥",제주 제주시 동문로14길 5,064-755-2755,평점 없음,,,이미지 없음,정보 없음,정보 없음,정보 없음,정보 없음,정보 없음,정보 없음,정보 없음,정보 없음,정보 없음,정보 없음,정보 없음,정보 없음,정보 없음,정보 없음,,
스페샬꼬치구이여상점,"일식튀김,꼬치",제주 제주시 동문로 96,064-723-2258,평점 없음,,,https://ldb-phinf.pstatic.net/20200720_241/1595252726821qyJ21_JPEG/cF5lpuCUdI7urPd_krLxykHr.jpeg.jpg,정보 없음,정보 없음,정보 없음,정보 없음,정보 없음,정보 없음,정보 없음,정보 없음,정보 없음,정보 없음,정보 없음,정보 없음,정보 없음,정보 없음,,
필스,한식,제주 제주시 태성로2길 21,전화번호 없음,평점 없음,,,이미지 없음,정보 없음,정보 없음,정보 없음,정보 없음,정보 없음,정보 없음,정보 없음,정보 없음,정보 없음,정보 없음,정보 없음,정보 없음,정보 없음,정보 없음,,
오마찜 일도점,한식,제주 제주시 천수로9길 1,064-751-7117,평점 없음,,,https://pup-review-phinf.pstatic.net/MjAyMjExMTFfMjMw/MDAxNjY4MTQ0NTQzMTIx.V8iL9OPP4rFKSCbe96RpZY0aPRj6E69kz1RhpVEnfvAg.E7qSKIQOJUnGrT6cPjeyTzozre270jnzumhgSSWyiqgg.JPEG/Screenshot_20221111_142825.jpg?type=w1500_60_sharpen,정보 없음,정보 없음,정보 없음,정보 없음,정보 없음,정보 없음,정보 없음,정보 없음,정보 없음,정보 없음,정보 없음,정보 없음,정보 없음,정보 없음,,
일도화로구이,한식,제주 제주시 연삼로 517-1,064-722-0038,평점 없음,,,https://ldb-phinf.pstatic.net/20200322_267/1584851063716b13zc_JPEG/S_gO3c91UozuLEegE2p9hZ5W.jpeg.jpg,정보 없음,정보 없음,정보 없음,정보 없음,정보 없음,정보 없음,정보 없음,정보 없음,정보 없음,정보 없음,정보 없음,정보 없음,정보 없음,정보 없음,,https://blog.naver.com/ruddk1323/222569406855
한사라회포차,일식당,제주 제주시 연삼로 541,064-752-0704,평점 없음,,,이미지 없음,정보 없음,정보 없음,정보 없음,정보 없음,정보 없음,정보 없음,정보 없음,정보 없음,정보 없음,정보 없음,정보 없음,정보 없음,정보 없음,정보 없음,,
프로,바(BAR),제주 제주시 고마로 106,064-721-0045,평점 없음,,,"https://ldb-phinf.pstatic.net/20200323_172/15849609624533kfyf_JPEG/fGnutNX4oBorkZYNEjIdf5Ml.jpeg.jpg, https://ldb-phinf.pstatic.net/20200323_108/1584960953352pSHSm_JPEG/TxRKMOpJmCapDpk5JFc5G-_X.jpeg.jpg",정보 없음,정보 없음,정보 없음,정보 없음,정보 없음,정보 없음,정보 없음,정보 없음,정보 없음,정보 없음,정보 없음,정보 없음,정보 없음,정보 없음,,
만향,단란주점,제주 제주시 고마로 67,064-757-6628,평점 없음,,,https://ldb-phinf.pstatic.net/20200309_45/1583744137971KRfDO_JPEG/WYeOg63zr34UyKBStjuvfDi4.jpeg.jpg,정보 없음,정보 없음,정보 없음,정보 없음,정보 없음,정보 없음,정보 없음,정보 없음,정보 없음,정보 없음,정보 없음,정보 없음,정보 없음,정보 없음,,
고쌈냉면,한식,제주 제주시 신산로 51-1,064-722-9998,평점 없음,,,이미지 없음,정보 없음,정보 없음,정보 없음,정보 없음,정보 없음,정보 없음,정보 없음,정보 없음,정보 없음,정보 없음,정보 없음,정보 없음,정보 없음,정보 없음,,https://blog.naver.com/kulimi77/222238380679
엠본부,단란주점,제주 제주시 고마로15길 3,064-725-4050,평점 없음,,,이미지 없음,정보 없음,정보 없음,정보 없음,정보 없음,정보 없음,정보 없음,정보 없음,정보 없음,정보 없음,정보 없음,정보 없음,정보 없음,정보 없음,정보 없음,,
맛나냉면,한식,제주 제주시 연수로4길 19,064-755-8012,평점 없음,,,이미지 없음,정보 없음,정보 없음,정보 없음,정보 없음,정보 없음,정보 없음,정보 없음,정보 없음,정보 없음,정보 없음,정보 없음,정보 없음,정보 없음,정보 없음,,
하나다방,다방,제주 제주시 고마로 58,064-756-1630,평점 없음,,,https://ldb-phinf.pstatic.net/20200309_194/1583734279349yNKgU_JPEG/ih7NymY8NQe_DCCQsG89sDct.jpeg.jpg,정보 없음,정보 없음,정보 없음,정보 없음,정보 없음,정보 없음,정보 없음,정보 없음,정보 없음,정보 없음,정보 없음,정보 없음,정보 없음,정보 없음,,
향원단란주점,단란주점,제주 제주시 신산로 36,064-753-0775,평점 없음,,,이미지 없음,정보 없음,정보 없음,정보 없음,정보 없음,정보 없음,정보 없음,정보 없음,정보 없음,정보 없음,정보 없음,정보 없음,정보 없음,정보 없음,정보 없음,,
눈꽃,단란주점,제주 제주시 고마로 106,064-723-0242,평점 없음,,,https://ldb-phinf.pstatic.net/20200323_136/1584960872204BqnBs_JPEG/JnsrnwIP1PSa6cfCDdvReEOR.jpeg.jpg,정보 없음,정보 없음,정보 없음,정보 없음,정보 없음,정보 없음,정보 없음,정보 없음,정보 없음,정보 없음,정보 없음,정보 없음,정보 없음,정보 없음,,
주한이네통닭,"치킨,닭강정",제주 제주시 고마로9길 15,064-722-8278,평점 없음,,,이미지 없음,정보 없음,정보 없음,정보 없음,정보 없음,정보 없음,정보 없음,정보 없음,정보 없음,정보 없음,정보 없음,정보 없음,정보 없음,정보 없음,정보 없음,,
스마일,요리주점,제주 제주시 고마로 57,064-726-7982,평점 없음,,,이미지 없음,정보 없음,정보 없음,정보 없음,정보 없음,정보 없음,정보 없음,정보 없음,정보 없음,정보 없음,정보 없음,정보 없음,정보 없음,정보 없음,정보 없음,,
콩깍지,"맥주,호프",제주 제주시 동문로 102-2,064-752-3334,평점 없음,,,https://ldb-phinf.pstatic.net/20200818_61/1597703541371eM65r_JPEG/-F3A7UtHh1OYwReroLBpy4yi.jpeg.jpg,정보 없음,정보 없음,정보 없음,정보 없음,정보 없음,정보 없음,정보 없음,정보 없음,정보 없음,정보 없음,정보 없음,정보 없음,정보 없음,정보 없음,,
초원,단란주점,제주 제주시 고마로11길 4-2,064-725-6001,평점 없음,,,이미지 없음,정보 없음,정보 없음,정보 없음,정보 없음,정보 없음,정보 없음,정보 없음,정보 없음,정보 없음,정보 없음,정보 없음,정보 없음,정보 없음,정보 없음,,
렉시,단란주점,제주 제주시 고마로10길 2,064-723-5090,평점 없음,,,이미지 없음,정보 없음,정보 없음,정보 없음,정보 없음,정보 없음,정보 없음,정보 없음,정보 없음,정보 없음,정보 없음,정보 없음,정보 없음,정보 없음,정보 없음,,
순살 세배로 치킨,"치킨,닭강정",제주 제주시 태성로4길 13,0504-307-9530,평점 없음,포장 배달,,이미지 없음,정보 없음,정보 없음,정보 없음,정보 없음,정보 없음,정보 없음,정보 없음,정보 없음,정보 없음,정보 없음,정보 없음,정보 없음,정보 없음,정보 없음,,
러브,한식,제주 제주시 동문로 106,064-756-5198,평점 없음,,,"https://ldb-phinf.pstatic.net/20200625_288/15930872782179uYsq_JPEG/xgjYL0MOday_oo2XK94h4hQu.jpeg.jpg, https://ldb-phinf.pstatic.net/20200625_7/1593087287855BU8n1_JPEG/biqcHiScb35W52VU_AlCoTLm.jpeg.jpg",정보 없음,정보 없음,정보 없음,정보 없음,정보 없음,정보 없음,정보 없음,정보 없음,정보 없음,정보 없음,정보 없음,정보 없음,정보 없음,정보 없음,,
한라돈까스 탑동점,돈가스,제주 제주시 탑동로 27 한라돈까스,0507-1316-2697,평점 없음,포장 남/녀 화장실 구분 배달 유아의자,,"https://ldb-phinf.pstatic.net/20240628_114/17195482690487oDIV_JPEG/_PYO3433.jpeg, https://ldb-phinf.pstatic.net/20230310_256/1678417876462VJcVr_JPEG/1678417831603.jpg",11:00,20:00,11:00,20:00,11:00,20:00,11:00,20:00,11:00,20:00,11:00,20:00,11:00,20:00,https://www.instagram.com/halladonkas,
원담 제주본점,생선회,제주 제주시 동광로1길 13,0507-1351-0211,4.71,포장 무선 인터넷,주차가능,"https://ldb-phinf.pstatic.net/20240229_157/1709207874940whjza_JPEG/KGB_4404.JPG, https://ldb-phinf.pstatic.net/20230706_156/1688628020010g43eV_JPEG/KakaoTalk_20230623_235905555.jpg",16:00,24:00,휴무,휴무,16:00,24:00,16:00,24:00,16:00,24:00,16:00,24:00,16:00,24:00,,
금돈상회,"육류,고기요리",제주 제주시 광양8길 11,064-726-8295,평점 없음,생일 혜택 단체 이용 가능 유아의자 남/녀 화장실 구분 예약 좌석 휠체어 이용가능,주차 불가 금돈상회 도보 5분 제광교회 앞 공영 주차장을 이용해주세요.,"https://ldb-phinf.pstatic.net/20260315_265/1773571926020mhwQC_PNG/ChatGPT_Image_2026%B3%E2_3%BF%F9_15%C0%CF_%BF%C0%C8%C4_07_51_53.png, https://ldb-phinf.pstatic.net/20240605_188/171756347705899Son_JPEG/2.jpg",16:00,다음 날 05:00,16:00,다음 날 05:00,16:00,다음 날 05:00,16:00,다음 날 05:00,16:00,다음 날 05:00,16:00,다음 날 05:00,16:00,다음 날 05:00,https://www.instagram.com/geumdon_jeju,
고집돌우럭 제주공항점,향토음식,제주 제주시 임항로 30,0507-1436-1008,4.71,콜키지 가능 유료 단체 이용 가능 무선 인터넷 남/녀 화장실 구분 유아의자 대기공간 예약 화장실 휠체어 이용가능 출입구 휠체어 이용가능 좌석 휠체어 이용가능,주차가능 무료 매장 앞 8대 주차 가능 / 매장 뒷편 좌측 50m 지점 100여대 주차 가능한 지하 공영 주차장 이용 가능합니다.,"https://ldb-phinf.pstatic.net/20260320_280/1773997378483YxGPY_JPEG/1.jpg, https://ldb-phinf.pstatic.net/20260320_131/1773997374744gab2s_PNG/2.png",10:00,21:30,10:00,21:30,10:00,21:30,10:00,21:30,10:00,21:30,10:00,21:30,10:00,21:30,http://www.instagram.com/gozip_jeju,
미카도스시 제주시청점,"초밥,롤",제주 제주시 광양14길 1 2층,0507-1422-0033,평점 없음,단체 이용 가능 포장 배달 무선 인터넷 남/녀 화장실 구분,주차 불가,"https://ldb-phinf.pstatic.net/20231222_226/1703224529715h4R3i_JPEG/%C1%A6%C1%D6%28%C4%C1%C6%DF%BF%CF%29.jpg, https://ldb-phinf.pstatic.net/20231222_139/1703224583058JKgYe_JPEG/KakaoTalk_20231222_101309206_03.jpg",11:30,21:30,11:30,21:30,11:30,21:30,11:30,21:30,11:30,21:30,11:30,21:30,11:30,21:30,https://www.instagram.com/mikadosushi_official/,
아베베 베이커리 제주,베이커리,제주 제주시 동문로6길 4 1-3층(일도일동),0507-1414-0750,평점 없음,포장 배달 예약 단체 이용 가능,주차 불가 동문시장 12번 게이트 유료 공용 주차장 이용 가능하십니다,"https://ldb-phinf.pstatic.net/20251021_204/1761017746599PfKKW_GIF/%BE%C6%BA%A3%BA%A3%BA%A3%C0%CC%C4%BF%B8%AE.gif, https://ldb-phinf.pstatic.net/20210623_125/1624416445067eQ4gr_JPEG/Es4MWb7j5OUxszwhVlDOuPl8.jpg",09:30,20:30,09:30,20:30,09:30,20:30,09:30,20:30,09:30,20:30,09:30,20:30,09:30,20:30,https://www.instagram.com/bakery_abebe,
동진식당 고기국수 동문시장점,국수,제주 제주시 동문로 16 제주 동문시장 12번 게이트 동진식당,0507-1431-0427,4.37,단체 이용 가능 남/녀 화장실 구분 포장 대기공간,"주차가능 유료 추가 요금 15분당 1,000원, 최대 1,500원 주차는 동문시장 공영주차장에 편히 주차 가능하십니다. 최초 30분 무료/ 31 -45분 1000원 이후 15분 마다 500원 발생 됩니다.","https://naverbooking-phinf.pstatic.net/20251208_35/1765170816302mbB3R_PNG/1.png, https://naverbooking-phinf.pstatic.net/20251208_120/1765170816759ni7ng_PNG/2.png",08:00,19:00,08:00,19:00,08:00,19:00,08:00,19:00,08:00,19:00,08:00,19:00,08:00,19:00,https://www.instagram.com/jeju_dongjin,
동문시장고기국수 금복식당,국수,제주 제주시 동문로 16,0507-1379-6055,4.42,단체 이용 가능 남/녀 화장실 구분 무선 인터넷,"주차가능 유료 추가 요금 15분당 500원, 최대 1,500원 동문시장 12번 게이트쪽 공영주차장 이용 가능합니다. 최초 30분은 무료 31분 ~ 45분은 1,000원 이후, 15분당 500원 발생 합니다. 내용 더보기","https://ldb-phinf.pstatic.net/20240405_46/17122822611909oO3g_JPEG/IMG_0540.jpg, https://ldb-phinf.pstatic.net/20241016_47/17290617042169dxSR_JPEG/%C0%CC%C2%F9%BF%F8_%C0%E7%B9%E6%B9%AE.jpg",08:30,19:00,08:30,19:00,08:30,19:00,08:30,19:00,08:30,19:00,08:30,19:00,휴무,휴무,https://www.instagram.com/jeju_geumbok_1968/,
은희네해장국,해장국,제주 제주시 고마로13길 8,064-726-5622,4.37,단체 이용 가능,,"https://clip-service-phinf.pstatic.net/MjAyNjA0MjJfMTU4/MDAxNzc2ODY0MzAzMDMz.etCM5Mp7qc20RtHZGaHOCNfIy-JxntpJ0JuNZIk6YvUg.51J8Ub6vmUeHtI3pIN6cf122uD6Ji2bzWGnOe4iDzdMg.JPEG/PublishThumb_20260422_222450_747.jpg, https://blogfiles.pstatic.net/MjAyNTAzMTVfMjcw/MDAxNzQyMDM2MTYxNjU4.TIFtG38zKVxOO2_xBX7_CRWWrqaBDmXonHoy1cBMsuUg.4bPh_nA3izccaG_Z44fBYaWaCpH6FkBbteYF31U7Bzog.JPEG/IMG_8512.jpg/900x1200",06:00,15:00,06:00,15:00,06:00,15:00,휴무,휴무,06:00,14:00,06:00,14:00,06:00,14:00,,
제주에가면,"칼국수,만두",제주 제주시 탑동로 119 제주에가면,0507-1330-2119,4.48,남/녀 화장실 구분 무선 인터넷 포장 유아의자 단체 이용 가능 예약 좌석 휠체어 이용가능,주차가능 무료 매장 주변 도로 주차선 '노상 무료 공영주차' 입니다. * 꼭! 주차선 안 에 주차해주세요 * - 점심시간 11시 ~ 14시 (주차단속 유예시간) - 토요일 일요일 주차단속 없습니다. 내용 더보기,"https://ldb-phinf.pstatic.net/20240901_207/1725191047262iRhuT_JPEG/KakaoTalk_20240901_203619214.jpg, https://ldb-phinf.pstatic.net/20250514_197/1747194901896CrUsH_JPEG/2025.02.2.jpg",08:00,17:00,휴무,휴무,08:00,17:00,08:00,17:00,08:00,17:00,08:00,17:00,08:00,17:00,http://www.instagram.com/jejuegamyeon,
미주크크,테이크아웃커피,제주 제주시 동광로5길 26 1층,전화번호 없음,평점 없음,예약 포장 무선 인터넷,,"https://ldb-phinf.pstatic.net/20210527_146/16220852336897F6m1_JPEG/dYsEjW_o4qeTr-e9BxGIVYM8.jpg, https://ldb-phinf.pstatic.net/20210527_22/16220852968554uGY8_JPEG/UUPSmlRa9mQU7DjlZGwUzTyB.jpg",12:00,19:00,12:00,19:00,12:00,19:00,12:00,19:00,12:00,17:00,08:00,19:00,08:00,19:00,,https://blog.naver.com/alwng
시월,일식당,제주 제주시 남광로2길 21 1층 키친 시월,070-7799-0777,평점 없음,예약 포장 유아의자 출입구 휠체어 이용가능,주차가능 무료 주차는 주변 공영주차장을 이용해주세요!,"https://ldb-phinf.pstatic.net/20190122_151/1548139903661e8B6w_JPEG/LUgnIrX8yAwX1BHQxmAWe7CY.jpeg.jpg, https://ldb-phinf.pstatic.net/20200320_49/1584703687079cr3pY_JPEG/bYjzclSY8RT5ymFgSDDbomtc.jpeg.jpg",11:00,21:00,11:00,21:00,11:00,21:00,11:00,21:00,11:00,21:00,11:00,21:00,11:00,21:00,http://instagram.com/kitchen.oct,
산지해장국,해장국,제주 제주시 임항로 34,064-723-4978,4.48,,,"https://ldb-phinf.pstatic.net/20150831_123/1441012610081a81CD_JPEG/166672536551530_0.jpeg, https://ldb-phinf.pstatic.net/20181220_187/1545316959503awBwr_JPEG/q8ItHq2QBaT-1CAtGrXXNBOP.jpg",06:00,14:30,06:00,14:30,휴무,휴무,06:00,14:30,06:00,14:30,06:00,14:30,06:00,14:30,,
제주공상 제주탑동본점,돼지고기구이,제주 제주시 서부두길 18 제주공상,064-702-0227,평점 없음,콜키지 가능 유료 단체 이용 가능 남/녀 화장실 구분 무선 인터넷 예약 유아의자,주차가능 무료,"https://ldb-phinf.pstatic.net/20220805_255/1659629460065MGOp3_JPEG/KakaoTalk_20220623_201056881.jpg, https://ldb-phinf.pstatic.net/20240103_207/17042438273985gUS6_JPEG/DSC03029-%C6%ED%C1%FD.jpg",13:00,22:30,13:00,22:30,13:00,22:30,13:00,22:30,13:00,22:30,13:00,22:30,13:00,22:30,https://www.instagram.com/jeju_gongsang/,https://blog.naver.com/duchan14
도바나,"카페,디저트",제주 제주시 서사로 29 도바나 티하우스,0507-1488-6792,평점 없음,테이크아웃 할인 로스터리 비건 메뉴 단체 이용 가능 무선 인터넷 남/녀 화장실 구분 포장 예약 유아의자 출입구 휠체어 이용가능 좌석 휠체어 이용가능 장애인 주차구역,주차가능 무료,"https://naverbooking-phinf.pstatic.net/20260217_275/1771300275295nBUhj_JPEG/image.jpg, https://naverbooking-phinf.pstatic.net/20260217_259/1771300276055TWCPS_JPEG/image.jpg",10:30,21:00,10:30,21:00,10:30,21:00,10:30,21:00,10:30,21:00,10:30,21:00,10:30,21:00,https://www.instagram.com/dovana_official,
한라식당 제주본점,한식,제주 제주시 광양9길 19,전화번호 없음,4.55,단체 이용 가능 유아의자 포장 예약 출입구 휠체어 이용가능 좌석 휠체어 이용가능,주차가능 무료 가게 문앞 주차 가능합니다 (오전11시~오후2시가능) 그외 시간대는 맞은편 제주시청주차장 및 골목주차 하셔야합니다 ^^,"https://ldb-phinf.pstatic.net/20250727_242/1753569980677shvSx_JPEG/1000011218.jpg, https://ldb-phinf.pstatic.net/20260310_218/1773133883911hg00l_JPEG/1000048245.jpg",09:00,18:00,09:00,18:00,09:00,18:00,09:00,18:00,09:00,18:00,09:00,18:00,09:00,18:00,,
행복밀,베이커리,제주 제주시 서광로 239 1층,064-722-8361,4.53,,,"https://ldb-phinf.pstatic.net/20240506_292/17149564335959kayU_JPEG/1000069885.jpg, https://ldb-phinf.pstatic.net/20221018_179/1666055448420B7D9E_JPEG/20221018_100828.jpg",09:30,20:00,09:30,20:00,09:30,20:00,09:30,20:00,09:30,20:00,09:30,18:00,09:30,18:00,http://instagram.com/haengbokmeal_jeju,
김재훈고사리육개장,향토음식,제주 제주시 구남로4길 8-12 1층 김재훈고사리육개장,0507-1301-2601,4.73,단체 이용 가능 남/녀 화장실 구분 포장 배달 무선 인터넷 유아의자 출입구 휠체어 이용가능,주차가능 무료 김재훈 고사리 육개장 건물 가게 무료주차장1층 8대 주차 공간이 있 으며 건물 우측 무료30분 *공영주차장 이용 가능 합니다 (추가30분 후 유료) 제주 공항에서 10~15분 거리에 위치해 있으며 구남로4길 8-12 네이버지도 검색후 방문하시면 편리합니다 감사합니다 내용 더보기,"https://ldb-phinf.pstatic.net/20240521_241/17162725491930rcWX_JPEG/1716272261413.jpg, https://ldb-phinf.pstatic.net/20240420_5/1713557474696oofsJ_JPEG/1713384006085.jpg",08:00,15:00,08:00,15:00,08:00,15:00,08:00,15:00,08:00,15:00,휴무,휴무,08:00,15:00,https://www.instagram.com/gosari_hoon,
동문시장 과일모찌 운화당,"카페,디저트",제주 제주시 동문로 6-4 1층 동문시장 과일모찌 운화당,전화번호 없음,4.88,비건 메뉴 글루텐프리 메뉴 포장 예약 무선 인터넷 \ 반려동물 동반 배달 대기공간,"주차 불가 동문시장 공영주차장 주차(네이버지도 '동문공설시장 공영주차장'검 색/동문로 4길 9) 주차요금 -최초30분 무료/ 31분~45분 1,000원 / 15분초과시마다 500원 -첫 1시간 주차시 1,500원 / 이후 1시 간 2,000원 -1일 주차 최대 10,000원 주차후 1층 내려오... 내용 더보기","https://ldb-phinf.pstatic.net/20250130_195/1738207885608DjSkS_JPEG/IMG_3439.jpeg, https://ldb-phinf.pstatic.net/20250130_78/1738207910442dlJ8B_JPEG/IMG_3441.jpeg",휴무,휴무,11:00,17:30,11:00,17:30,11:00,17:30,11:00,17:30,11:00,17:30,11:00,17:30,http://instagram.com/unhwadang,
064인생곱창,"곱창,막창,양",제주 제주시 남광로 72 064인생곱창,0507-1355-1332,4.75,단체 이용 가능 무선 인터넷 남/녀 화장실 구분,주차 불가,"https://ldb-phinf.pstatic.net/20260102_9/1767360087551HhkAT_JPEG/B-1.jpg, https://ldb-phinf.pstatic.net/20260102_200/176736008745690Ue6_JPEG/C-11.jpg",16:00,24:00,16:00,24:00,16:00,24:00,16:00,24:00,16:00,24:00,16:00,24:00,휴무,휴무,https://www.instagram.com/jeju_life_gobehang,https://blog.naver.com/ssosso0947
롱앤플랫 샌드위치 동문시장점,베이커리,제주 제주시 동문로20길 23 1층,0507-1385-5553,평점 없음,단체 이용 가능 포장 배달 예약 남/녀 화장실 구분 대기공간 출입구 휠체어 이용가능,주차가능 무료 - 카페 전용주차장이 있습니다. * 주차장 입구가 좁으니 후진으로 진 입해주시길 바랍니다. * 만차시 주변에 주정차 할 곳이 많습니다. * 1분 거리에 공영주차장이 두곳 위치하여 있습니다. <공영주차장 주 소> -> 제주 제주시 일도2동 984-3 -> 신산로 7길 59-1 내용 더보기,"https://ldb-phinf.pstatic.net/20251002_148/1759363961325VCTDK_JPEG/KakaoTalk_20250930_144554665_01.jpg, https://ldb-phinf.pstatic.net/20260122_270/17690634059160Fdj9_JPEG/%B8%BB%C2%F7%C5%A9%B8%B2%BC%EE%C4%DD%B6%F3_%B9%E8%B4%DE%BF%EB.jpg",휴무,휴무,10:00,19:00,10:00,19:00,10:00,19:00,10:00,19:00,10:00,19:00,10:00,19:00,https://www.instagram.com/long.n.flat,
우무 동문시장점,"카페,디저트",제주 제주시 관덕로8길 40-1,전화번호 없음,평점 없음,포장 남/녀 화장실 구분,,"https://ldb-phinf.pstatic.net/20250516_195/1747388780719j2x7C_JPEG/REALTONE12168_2.jpg, https://ldb-phinf.pstatic.net/20250516_29/17473886946174RyGu_PNG/%B8%C5%C0%E5_%BF%DC%BA%CE.png",09:00,20:00,09:00,20:00,09:00,20:00,09:00,20:00,09:00,20:00,09:00,20:00,09:00,20:00,,
봉자막창 제주시청점,"곱창,막창,양",제주 제주시 광양8길 17 1층,0507-1336-9565,평점 없음,단체 이용 가능 포장 예약,,"https://ldb-phinf.pstatic.net/20260330_298/1774834750428EDirN_JPEG/%A4%A1%B8%DE%C0%CE1.jpg, https://ldb-phinf.pstatic.net/20260330_207/1774834750511Ttjvb_JPEG/%A4%A1%B8%DE%C0%CE2.jpg",17:00,다음 날 02:00,17:00,다음 날 02:00,17:00,다음 날 02:00,17:00,다음 날 02:00,17:00,다음 날 02:00,17:00,다음 날 02:00,17:00,다음 날 02:00,,
마음에온,"카페,디저트",제주 제주시 칠성로길 29-1 1층 마음에온,전화번호 없음,4.68,\ 반려동물 동반 포장 무선 인터넷,주차 불가 무료주차 1.제주탑동광장 근처 (광장부근에 주차구역은 전부 무료입 니다^^) 유료주차장 1.칠성상가 제1공영주차장 - 관덕로13길 13 ( 저희매장과 제일가까움) 2.북수구 공영 주차장 - 제주시 일도1동 12 30-5 3.제일주차빌딩 공영주차장 - 제주시 관덕로15길 3 내용 더보기,"https://ldb-phinf.pstatic.net/20240121_22/1705800032857dXbjm_JPEG/IMG_0805.jpeg, https://ldb-phinf.pstatic.net/20240120_189/1705720451166umjhP_JPEG/IMG_0802.jpeg",10:00,20:00,휴무,휴무,10:00,20:00,10:00,20:00,10:00,20:00,10:00,20:00,10:00,20:00,http://www.instagram.com/oncafe0707,
찰리공장 제주동문시장본점,"카페,디저트",제주 제주시 중앙로13길 21 찰리공장 제주동문시장본점,0507-1318-3507,평점 없음,포장 단체 이용 가능 무선 인터넷 예약,주차 불가 동문재래시장 공용주차장 주차장 이용(1시간무료) 하시고 도보로 1분 거리에 위치에 있습니다. 동문시장 8번 게이트 바로 옆,"https://ldb-phinf.pstatic.net/20260423_58/17769106544430PHMK_PNG/31898.png, https://ldb-phinf.pstatic.net/20260423_12/1776910627624UahBi_PNG/Gemini_Generated_Image_8vev1w8vev1w8vev.png",10:00,21:00,10:00,21:00,10:00,21:00,10:00,21:00,10:00,21:00,10:00,21:00,10:00,21:00,https://www.instagram.com/charliefactory_jeju,
동문시장 우리수산,생선회,제주 제주시 동문로2길 10 1층 제주동문시장맛집 동문시장 우리수산,064-758-4282,4.27,포장 예약 단체 이용 가능,"주차가능 유료 추가 요금 60분당 2,000원, 최대 8,000원 - 주차장 동문시장 공영주차장을 이용하시면 됩니다. 최초 30분 무료이고 1시간당 2000원 입니다.","https://ldb-phinf.pstatic.net/20240829_112/1724859397945TwpV1_JPEG/20230507_155230.jpg, https://ldb-phinf.pstatic.net/20240829_250/172485939778868UxD_JPEG/20230514_150901.jpg",10:00,22:00,10:00,22:00,10:00,22:00,10:00,22:00,10:00,22:00,10:00,22:00,10:00,22:00,,
상향평준화,"카페,디저트",제주 제주시 남성로 156,전화번호 없음,4.47,핸드드립 포장 배달 무선 인터넷 남/녀 화장실 구분,주차 불가 근처 공영주차장 또는 오른편 골목 주차 부탁드립니다! 자세한 위치사진은 인스타그램 스토리 하이라이트 참고 부탁드립니다:),"https://ldb-phinf.pstatic.net/20251119_68/1763545868158CJ0lh_JPEG/IMG_3782.jpeg, https://ldb-phinf.pstatic.net/20260305_18/1772718211701ffGec_JPEG/IMG_6144.jpeg",10:30,19:00,10:30,19:00,10:30,19:00,10:30,19:00,10:30,19:00,10:30,19:00,10:30,19:00,https://www.instagram.com/project_sanghyang,
한라축산정육식당 제주본점,"육류,고기요리",제주 제주시 연삼로 611,0507-1440-7017,평점 없음,콜키지 가능 유료 단체 이용 가능 포장 배달 예약 무선 인터넷 남/녀 화장실 구분 유아의자 대기공간 화장실 휠체어 이용가능 출입구 휠체어 이용가능 좌석 휠체어 이용가능 장애인 주차구역,"주차가능 무료 1.자차 이용시 제주흑돼지맛집 [한라축산정육식당 제구본점]을 네비 게이션에서 검색해주세요. 2.대형 주차장 무료 제주 여행오시는 고객 님들의 렌터카를 위한 전기차 충전소가 마련되어 있습니다. 단체 손 님, 제주 관광객등 많은 인원이 편하게 주차하실 수 있는 대... 내용 더보기","https://ldb-phinf.pstatic.net/20260203_37/1770084427607DsMIM_JPEG/KakaoTalk_20260202_175806808_07.jpg, https://ldb-phinf.pstatic.net/20260203_214/1770084456647fSiM0_JPEG/KakaoTalk_20260202_174019429_06.jpg",11:00,22:00,11:00,22:00,11:00,22:00,11:00,22:00,11:00,22:00,11:00,22:00,11:00,22:00,,https://blog.naver.com/hallabeef
스스럼,일식당,제주 제주시 광양13길 3 2층 스스럼,0507-1325-1774,평점 없음,예약 무선 인터넷 \ 반려동물 동반 남/녀 화장실 구분 포장 배달,,"https://ldb-phinf.pstatic.net/20230624_300/1687538111618AScoG_JPEG/KakaoTalk_20230623_181644000_19.jpg, https://ldb-phinf.pstatic.net/20230624_241/1687538115883rc3hq_JPEG/KakaoTalk_20230623_181719753_09.jpg",11:00,21:00,11:00,21:00,11:00,21:00,11:00,21:00,11:00,21:00,11:00,21:00,11:00,21:00,https://www.instagram.com/s_s_rum,
우진해장국,향토음식,제주 제주시 서사로 11,064-757-3393,4.41,,,"https://ldb-phinf.pstatic.net/20150901_132/1441034191904wRPLQ_JPEG/SUBMIT_1274792647293_13418405.jpg, https://ldb-phinf.pstatic.net/20150901_263/14410341921109R3cl_JPEG/SUBMIT_1274792647560_13418405.jpg",정보 없음,정보 없음,정보 없음,정보 없음,정보 없음,정보 없음,정보 없음,정보 없음,정보 없음,정보 없음,정보 없음,정보 없음,정보 없음,정보 없음,,
도토리키친 본점,국수,제주 제주시 북성로 59 1층,0507-1463-1021,4.51,비건 메뉴 좌석 휠체어 이용가능,"주차가능 무료 - 버스 이용시 ""제주관덕정"" 또는 ""제주서문시장""에서 하차하여 도 보 5분 거리에 있습니다. - 자동차 이용시 제주국제공항에서 차로 5 분 거리이며, 건물 바로 뒷편에 무료 공영주차장 2곳 (총 22대) 가능 합니다. 또한, 매장 앞 도로 주차 단속 없습니다. 주말이나 공... 내용 더보기","https://ldb-phinf.pstatic.net/20240403_115/1712129471722dzcse_JPEG/IMG_0572.jpeg, https://ldb-phinf.pstatic.net/20240403_219/1712129441229xjUGG_JPEG/IMG_1782.jpeg",11:00,17:00,11:00,17:00,11:00,17:00,11:00,17:00,11:00,17:00,11:00,17:00,11:00,17:00,http://www.instagram.com/dotoree_jeju/,
대우정,한식,제주 제주시 서사로 152 대우정,0507-1304-9662,평점 없음,무선 인터넷 남/녀 화장실 구분 단체 이용 가능 유아의자 출입구 휠체어 이용가능,주차 불가 가게 앞 대도로변 11:00~14:00까지 주차 가능,"https://ldb-phinf.pstatic.net/20230612_97/1686535246562FM9K4_JPEG/%BC%F8%BB%EC%B0%A5%C4%A1.jpg, https://ldb-phinf.pstatic.net/20250509_177/1746768716652rNNRG_JPEG/IMG_2007.jpeg",09:00,18:00,09:00,18:00,09:00,18:00,09:00,18:00,09:00,18:00,09:00,18:00,휴무,휴무,,
카페송키&탑동회관,브런치카페,제주 제주시 무근성안길 16 1층,0507-1309-1362,4.6,콜키지 가능 유료 유기농 메뉴 비건 메뉴 단체 이용 가능 예약 포장 무선 인터넷,주차가능 무료 주변 공영주차장 및 연락처를 남기시고 골목주차를 이용해주세요~ 주민들의 문앞을 막지 말아주세요~^^,"https://ldb-phinf.pstatic.net/20211011_10/163391758181617v44_JPEG/lSp-Z5meVal6aWOHCHTRqbJr.jpeg.jpg, https://ldb-phinf.pstatic.net/20251128_106/17643119029896ENHk_PNG/1000085599.png",11:00,23:00,11:00,23:00,휴무,휴무,11:00,23:00,11:00,23:00,11:00,23:00,11:00,23:00,http://www.instagram.com/songkee_nani,
다정이네김밥 제주공항점,김밥,제주 제주시 관덕로 3 1층,0507-1321-9140,평점 없음,단체 이용 가능 포장 배달 예약 대기공간,주차 불가 다정이네김밥에서 관덕정 방면 도보1분거리 공영주차장 30분 무료이용 가능합니다:),"https://ldb-phinf.pstatic.net/20251017_122/1760661032271K4wTA_PNG/%C1%A6%C1%D6%B1%E8%B9%E4_%B4%D9%C1%A4%C0%CC%B3%D7%B1%E8%B9%E4_%C1%A6%C1%D6%B0%F8%C7%D7%C1%A1.png, https://ldb-phinf.pstatic.net/20250516_151/17473927357183Nrbb_JPEG/IMG_7076.jpg",07:00,20:00,07:00,20:00,07:00,20:00,07:00,20:00,07:00,20:00,07:00,20:00,07:00,20:00,,
귤메달 하우스,"카페,디저트",제주 제주시 탑동로 17 1층,0507-1412-0753,평점 없음,유기농 메뉴 포장 남/녀 화장실 구분 대기공간,"주차가능 무료 매장 옆 전용 주차장 이용 가능 (총 8대) 만차 시, 도보 3분 거리 무 료 공영주차장 이용 가능합니다 (※ ‘탑동광장 공영주차장’ 또는 ‘칠 성로 공영주차장’ 추천) ※ 주차 공간이 협소하므로 대중교통 또는 도 보 방문도 권장드립니다. 내용 더보기","https://ldb-phinf.pstatic.net/20250724_89/1753355944652owBPU_JPEG/KakaoTalk_20250724_201839071.jpg, https://ldb-phinf.pstatic.net/20260414_297/17761612593066VvL3_JPEG/%B9%D0%C5%A9%C6%BC_AI_%284%29.jpg",10:00,19:00,10:00,19:00,10:00,19:00,10:00,19:00,10:00,19:00,10:00,19:00,10:00,19:00,https://www.instagram.com/gyulmedal/,
머그라이,아시아음식,제주 제주시 구남동2길 19-3 1층 머그라이,0507-1381-4485,평점 없음,무선 인터넷 남/녀 화장실 구분,주차가능,"https://ldb-phinf.pstatic.net/20260215_224/1771163912972H19xb_JPEG/1000003576.jpg, https://ldb-phinf.pstatic.net/20260215_18/1771163914341UnKIo_JPEG/1000002886.jpg",11:00,20:30,11:00,20:30,휴무,휴무,11:00,20:30,11:00,20:30,11:00,20:30,11:00,20:30,https://www.instagram.com/mugraiy,
정대36,양식,제주 제주시 신성로 110 2층 정대36,064-724-5725,평점 없음,콜키지 가능 유료 남/녀 화장실 구분 포장 무선 인터넷 배달 단체 이용 가능 예약 유아의자,주차 불가 인근 주차장 안내 : 서광로 28길 주차라인(무료) / 신성로 10길 주차라인 (무료) / 고산동산 공영주차장(부분 유료) / 신성로 10길 공영주차장(부분유료) 안내해드린 주차장들은 가게로부터 도보 3분거리 입니다!!,"https://ldb-phinf.pstatic.net/20220423_9/165068763068288TDj_JPEG/IMG_4507.jpg, https://ldb-phinf.pstatic.net/20230911_1/1694405891354fXjVL_JPEG/IMG_8346.jpeg",11:30,22:00,11:30,22:00,11:30,22:00,11:30,22:00,11:30,22:00,11:30,22:00,11:30,22:00,https://www.instagram.com/jeongdae.36/,https://blog.naver.com/jeongdae36
블루메베이글,베이커리,제주 제주시 가령로4길 3 1층,0507-1445-3444,4.63,비건 메뉴 남/녀 화장실 구분 포장 배달 예약 무선 인터넷 단체 이용 가능 대기공간 좌석 휠체어 이용가능 장애인 주차구역,"주차가능 무료 매장앞 골목길 주차가능 매장 바로옆 공영주차장 최초 30분무료 주말,공휴일 무료 개방","https://ldb-phinf.pstatic.net/20220618_283/1655558794976otE3q_JPEG/1654217538145.jpg, https://ldb-phinf.pstatic.net/20220618_256/1655558795377WRPxF_JPEG/1654217797900.jpg",09:00,18:00,09:00,18:00,09:00,18:00,09:00,18:00,09:00,18:00,09:00,18:00,09:00,18:00,http://instagram.com/blume_bagel,
스타벅스 제주시청점,카페,제주 제주시 중앙로 215 (이도이동),1522-3232,평점 없음,,,"https://ldb-phinf.pstatic.net/20190828_93/1566953601239OT9MQ_PNG/xX7Wv642gXMoTI0DAv0hRymS.png, https://ldb-phinf.pstatic.net/20200825_26/1598301947939DCwpf_JPEG/3511_20180503083609_mu8yx.JPG",정보 없음,정보 없음,정보 없음,정보 없음,정보 없음,정보 없음,정보 없음,정보 없음,정보 없음,정보 없음,정보 없음,정보 없음,정보 없음,정보 없음,http://www.instagram.com/starbuckskorea,
